Date,Texas avg gas price,WTI Price
6/5/2000,1.474,29.87
6/12/2000,1.476,31.76
6/19/2000,1.518,31.57
6/26/2000,1.526,31.56
7/3/2000,1.532,30
7/10/2000,1.533,29.51
7/17/2000,1.515,30.71
7/24/2000,1.491,27.97
7/31/2000,1.462,27.5
8/7/2000,1.422,28.93
8/14/2000,1.41,31.92
8/21/2000,1.416,32.42
8/28/2000,1.418,32.92
9/4/2000,1.425,33.5
9/11/2000,1.456,35.14
9/18/2000,1.457,36.75
9/25/2000,1.456,31.5
10/2/2000,1.435,32.05
10/9/2000,1.404,31.98
10/16/2000,1.424,33.18
10/23/2000,1.427,34.9
10/30/2000,1.431,32.86
11/6/2000,1.418,33.02
11/13/2000,1.414,34.3
11/20/2000,1.402,35.98
11/27/2000,1.407,36.24
12/4/2000,1.39,31.28
12/11/2000,1.36,29.75
12/18/2000,1.333,29.52
12/25/2000,1.314,28
1/1/2001,1.307,28
1/8/2001,1.321,27.44
1/15/2001,1.38,30
1/22/2001,1.408,32.21
1/29/2001,1.399,29.07
2/5/2001,1.38,30.55
2/12/2001,1.391,30.52
2/19/2001,1.385,29
2/26/2001,1.361,28.27
3/5/2001,1.329,28.61
3/12/2001,1.317,27.91
3/19/2001,1.312,26.17
3/26/2001,1.317,27.4
4/2/2001,1.352,25.7
4/9/2001,1.415,27.45
4/16/2001,1.525,28.81
4/23/2001,1.549,26.97
4/30/2001,1.559,28.48
5/7/2001,1.592,27.79
5/14/2001,1.601,28.83
5/21/2001,1.579,29.96
5/28/2001,1.588,29.25
6/4/2001,1.571,28.14
6/11/2001,1.537,28.94
6/18/2001,1.515,27.55
6/25/2001,1.469,27.11
7/2/2001,1.401,26.02
7/9/2001,1.331,27.63
7/16/2001,1.294,26.02
7/23/2001,1.277,25.88
7/30/2001,1.268,26.6
8/6/2001,1.265,27.7
8/13/2001,1.276,27.85
8/20/2001,1.308,27.2
8/27/2001,1.321,26.69
9/3/2001,1.369,27
9/10/2001,1.38,27.66
9/17/2001,1.397,28.84
9/24/2001,1.368,21.46
10/1/2001,1.313,23.12
10/8/2001,1.265,22.25
10/15/2001,1.231,22.37
10/22/2001,1.17,21.78
10/29/2001,1.148,22.1
11/5/2001,1.112,20
11/12/2001,1.082,21.26
11/19/2001,1.068,17.74
11/26/2001,1.035,18.69
12/3/2001,1.022,20.27
12/10/2001,1.011,18.32
12/17/2001,0.998,19.28
12/24/2001,0.996,19.5
12/31/2001,1.025,19.96
1/7/2002,1.042,21.42
1/14/2002,1.05,18.88
1/21/2002,1.039,19.5
1/28/2002,1.033,20.05
2/4/2002,1.034,20.02
2/11/2002,1.037,21.29
2/18/2002,1.053,21
2/25/2002,1.056,20.24
3/4/2002,1.061,22.55
3/11/2002,1.164,24.36
3/18/2002,1.221,25.03
3/25/2002,1.279,25.69
4/1/2002,1.3,26.82
4/8/2002,1.339,26.16
4/15/2002,1.349,24.53
4/22/2002,1.341,26.28
4/29/2002,1.337,27.45
5/6/2002,1.336,26.11
5/13/2002,1.331,28.62
5/20/2002,1.329,28.24
5/27/2002,1.325,26.5
6/3/2002,1.327,25.1
6/10/2002,1.312,24.24
6/17/2002,1.303,25.98
6/24/2002,1.295,26.31
7/1/2002,1.293,26.79
7/8/2002,1.289,26.14
7/15/2002,1.294,27.23
7/22/2002,1.317,26.61
7/29/2002,1.311,26.54
8/5/2002,1.318,26.55
8/12/2002,1.307,27.84
8/19/2002,1.308,29.86
8/26/2002,1.313,29.23
9/2/2002,1.313,29.5
9/9/2002,1.311,29.8
9/16/2002,1.319,29.14
9/23/2002,1.328,30.85
9/30/2002,1.348,30.59
10/7/2002,1.373,29.65
10/14/2002,1.383,30.06
10/21/2002,1.406,28.31
10/28/2002,1.398,27.25
11/4/2002,1.385,26.89
11/11/2002,1.367,26.02
11/18/2002,1.339,26.71
11/25/2002,1.317,27.01
12/2/2002,1.306,27.27
12/9/2002,1.298,27.29
12/16/2002,1.29,30.15
12/23/2002,1.333,32.09
12/30/2002,1.385,31.41
1/6/2003,1.404,32.29
1/13/2003,1.399,32.08
1/20/2003,1.407,32.3
1/27/2003,1.419,32.43
2/3/2003,1.475,32.84
2/10/2003,1.56,34.46
2/17/2003,1.581,36
2/24/2003,1.576,37.29
3/3/2003,1.572,36.1
3/10/2003,1.586,37.18
3/17/2003,1.609,34.92
3/24/2003,1.592,29.51
3/31/2003,1.562,31.14
4/7/2003,1.527,27.76
4/14/2003,1.488,28.41
4/21/2003,1.454,30.76
4/28/2003,1.434,25.25
5/5/2003,1.396,26.43
5/12/2003,1.364,27.34
5/19/2003,1.365,28.84
5/26/2003,1.364,29.8
6/2/2003,1.358,30.72
6/9/2003,1.371,31.36
6/16/2003,1.394,31.14
6/23/2003,1.387,30.22
6/30/2003,1.372,30.15
7/7/2003,1.381,30.08
7/14/2003,1.424,31.2
7/21/2003,1.438,31.67
7/28/2003,1.433,29.98
8/4/2003,1.442,31.8
8/11/2003,1.474,31.91
8/18/2003,1.504,30.81
8/25/2003,1.581,31.43
9/1/2003,1.577,30
9/8/2003,1.55,28.85
9/15/2003,1.515,28.15
9/22/2003,1.475,26.97
9/29/2003,1.432,28.35
10/6/2003,1.407,30.4
10/13/2003,1.412,31.91
10/20/2003,1.416,30.37
10/27/2003,1.401,29.95
11/3/2003,1.393,28.81
11/10/2003,1.374,31.01
11/17/2003,1.38,31.75
11/24/2003,1.398,29.99
12/1/2003,1.388,29.89
12/8/2003,1.375,32.08
12/15/2003,1.37,33.17
12/22/2003,1.396,31.71
12/29/2003,1.393,32.51
1/5/2004,1.423,33.71
1/12/2004,1.475,34.92
1/19/2004,1.516,34.55
1/26/2004,1.528,34.41
2/2/2004,1.533,34.02
2/9/2004,1.536,32.91
2/16/2004,1.538,34
2/23/2004,1.558,35.75
3/1/2004,1.567,36.85
3/8/2004,1.595,36.53
3/15/2004,1.589,37.44
3/22/2004,1.61,37.12
3/29/2004,1.626,35.41
4/5/2004,1.651,34.29
4/12/2004,1.647,37.79
4/19/2004,1.681,37.46
4/26/2004,1.675,37.02
5/3/2004,1.709,38.26
5/10/2004,1.804,38.9
5/17/2004,1.868,41.53
5/24/2004,1.919,42.03
5/31/2004,1.914,40
6/7/2004,1.903,38.72
6/14/2004,1.871,37.58
6/21/2004,1.83,37.69
6/28/2004,1.799,36.25
7/5/2004,1.773,38
7/12/2004,1.795,39.3
7/19/2004,1.806,41.55
7/26/2004,1.793,41.45
8/2/2004,1.777,43.83
8/9/2004,1.767,44.86
8/16/2004,1.774,46.02
8/23/2004,1.785,46
8/30/2004,1.768,42.32
9/6/2004,1.744,43
9/13/2004,1.733,43.86
9/20/2004,1.746,46.33
9/27/2004,1.813,49.56
10/4/2004,1.825,49.85
10/11/2004,1.867,53.65
10/18/2004,1.896,53.59
10/25/2004,1.899,55.52
11/1/2004,1.898,50.1
11/8/2004,1.877,49.1
11/15/2004,1.851,46.95
11/22/2004,1.825,48.48
11/29/2004,1.821,49.71
12/6/2004,1.786,42.96
12/13/2004,1.739,41.06
12/20/2004,1.691,45.57
12/27/2004,1.677,41.26
1/3/2005,1.65,42.16
1/10/2005,1.681,45.31
1/17/2005,1.73,46.5
1/24/2005,1.781,48.61
1/31/2005,1.833,48.25
2/7/2005,1.821,45.35
2/14/2005,1.799,47.5
2/21/2005,1.789,48.75
2/28/2005,1.802,51.75
3/7/2005,1.88,53.9
3/14/2005,1.947,54.9
3/21/2005,1.996,56.7
3/28/2005,2.054,54.06
4/4/2005,2.115,56.86
4/11/2005,2.157,53.71
4/18/2005,2.131,50.52
4/25/2005,2.119,53.16
5/2/2005,2.115,50.94
5/9/2005,2.081,52.04
5/16/2005,2.05,48.64
5/23/2005,2.012,48.68
5/30/2005,1.985,51
6/6/2005,2.029,54.46
6/13/2005,2.034,55.47
6/20/2005,2.075,59.19
6/27/2005,2.107,59.78
7/4/2005,2.108,59.5
7/11/2005,2.225,59.23
7/18/2005,2.218,57.12
7/25/2005,2.203,58.16
8/1/2005,2.174,61.51
8/8/2005,2.284,63.92
8/15/2005,2.49,66.21
8/22/2005,2.557,65.46
8/29/2005,2.53,67.41
9/5/2005,2.957,65
9/12/2005,2.843,63.29
9/19/2005,2.672,67.21
9/26/2005,2.738,65.98
10/3/2005,2.899,65.36
10/10/2005,2.833,60.71
10/17/2005,2.703,64.26
10/24/2005,2.556,60.63
10/31/2005,2.404,59.8
11/7/2005,2.294,59.4
11/14/2005,2.2,57.6
11/21/2005,2.101,57.75
11/28/2005,2.056,57.36
12/5/2005,2.047,59.91
12/12/2005,2.136,61.36
12/19/2005,2.159,57.31
12/26/2005,2.14,58
1/2/2006,2.175,60
1/9/2006,2.274,63.56
1/16/2006,2.261,65
1/23/2006,2.273,68.06
1/30/2006,2.259,68.36
2/6/2006,2.245,65.11
2/13/2006,2.189,61.26
2/20/2006,2.137,61.1
2/27/2006,2.124,61.01
3/6/2006,2.222,62.46
3/13/2006,2.283,61.81
3/20/2006,2.463,60.31
3/27/2006,2.442,63.75
4/3/2006,2.566,66.07
4/10/2006,2.695,68.29
4/17/2006,2.787,70.3
4/24/2006,2.886,70.19
5/1/2006,2.862,73.75
5/8/2006,2.826,69.75
5/15/2006,2.856,69.25
5/22/2006,2.8,69.23
5/29/2006,2.747,71
6/5/2006,2.777,72.5
6/12/2006,2.815,70.28
6/19/2006,2.782,69.21
6/26/2006,2.758,71.63
7/3/2006,2.826,72.3
7/10/2006,2.851,73.5
7/17/2006,2.865,75.7
7/24/2006,2.888,74.29
7/31/2006,2.897,74.56
8/7/2006,2.925,77.05
8/14/2006,2.87,73.33
8/21/2006,2.8,72.45
8/28/2006,2.708,70.47
9/4/2006,2.574,68
9/11/2006,2.458,65.42
9/18/2006,2.339,63.84
9/25/2006,2.229,60.74
10/2/2006,2.16,60.96
10/9/2006,2.122,59.93
10/16/2006,2.095,59.91
10/23/2006,2.072,56.74
10/30/2006,2.081,58.41
11/6/2006,2.072,60.11
11/13/2006,2.092,58.59
11/20/2006,2.104,56.42
11/27/2006,2.11,60.3
12/4/2006,2.166,62.39
12/11/2006,2.19,61.26
12/18/2006,2.19,62.19
12/25/2006,2.205,60
1/1/2007,2.193,58
1/8/2007,2.154,56.08
1/15/2007,2.096,53
1/22/2007,2.043,51.11
1/29/2007,2.014,54.01
2/5/2007,2.04,58.69
2/12/2007,2.082,57.76
2/19/2007,2.124,59.5
2/26/2007,2.223,61.41
3/5/2007,2.35,60.05
3/12/2007,2.387,58.94
3/19/2007,2.398,56.65
3/26/2007,2.432,61.77
4/2/2007,2.563,66.03
4/9/2007,2.671,61.51
4/16/2007,2.751,63.63
4/23/2007,2.745,65.33
4/30/2007,2.844,65.78
5/7/2007,2.86,61.48
5/14/2007,2.904,62.55
5/21/2007,3.066,66.25
5/28/2007,3.049,66.2
6/4/2007,2.998,66.17
6/11/2007,2.947,65.93
6/18/2007,2.894,69.06
6/25/2007,2.871,68.83
7/2/2007,2.841,71.11
7/9/2007,2.848,72.14
7/16/2007,2.917,74.11
7/23/2007,2.864,74.65
7/30/2007,2.793,76.82
8/6/2007,2.752,72.03
8/13/2007,2.683,71.6
8/20/2007,2.678,71.12
8/27/2007,2.656,71.98
9/3/2007,2.643,74
9/10/2007,2.683,77.53
9/17/2007,2.669,80.55
9/24/2007,2.692,82.51
10/1/2007,2.688,80.31
10/8/2007,2.652,78.97
10/15/2007,2.631,86.19
10/22/2007,2.693,87.6
10/29/2007,2.716,93.45
11/5/2007,2.878,94.06
11/12/2007,2.965,94.4
11/19/2007,2.953,95.75
11/26/2007,2.949,97.66
12/3/2007,2.925,89.29
12/10/2007,2.867,87.72
12/17/2007,2.843,90.69
12/24/2007,2.83,94
12/31/2007,2.91,95.95
1/7/2008,2.963,95.08
1/14/2008,2.944,94.23
1/21/2008,2.896,93
1/28/2008,2.87,90.99
2/4/2008,2.863,90.07
2/11/2008,2.844,93.56
2/18/2008,2.924,96
2/25/2008,3.036,99.4
3/3/2008,3.075,102.42
3/10/2008,3.119,107.9
3/17/2008,3.169,105.74
3/24/2008,3.159,101.7
3/31/2008,3.205,101.54
4/7/2008,3.255,108.91
4/14/2008,3.289,111.71
4/21/2008,3.412,117.48
4/28/2008,3.506,118.78
5/5/2008,3.507,119.94
5/12/2008,3.616,124.02
5/19/2008,3.694,127.15
5/26/2008,3.831,127.3
6/2/2008,3.847,127.75
6/9/2008,3.907,134.44
6/16/2008,3.947,134.52
6/23/2008,3.925,135.98
6/30/2008,3.929,139.96
7/7/2008,3.953,141.38
7/14/2008,3.966,145.16
7/21/2008,3.942,131.43
7/28/2008,3.848,124.72
8/4/2008,3.76,121.45
8/11/2008,3.677,114.44
8/18/2008,3.587,112.92
8/25/2008,3.494,114.85
9/1/2008,3.547,110
9/8/2008,3.519,106.35
9/15/2008,3.705,95.52
9/22/2008,3.645,122.61
9/29/2008,3.567,96.29
10/6/2008,3.382,88.15
10/13/2008,2.946,81.17
10/20/2008,2.686,74.08
10/27/2008,2.397,61.92
11/3/2008,2.163,63.93
11/10/2008,2.03,62.19
11/17/2008,1.911,55.14
11/24/2008,1.777,53.63
12/1/2008,1.713,49.34
12/8/2008,1.623,43.69
12/15/2008,1.544,44.61
12/22/2008,1.544,31.1
12/29/2008,1.487,39.89
1/5/2009,1.534,48.61
1/12/2009,1.62,37.65
1/19/2009,1.709,41
1/26/2009,1.712,46.5
2/2/2009,1.784,41.35
2/9/2009,1.811,39.58
2/16/2009,1.813,38
2/23/2009,1.757,37.66
3/2/2009,1.798,40.07
3/9/2009,1.794,47.01
3/16/2009,1.788,47.33
3/23/2009,1.864,53.05
3/30/2009,1.962,48.49
4/6/2009,1.956,51.1
4/13/2009,1.964,50.22
4/20/2009,1.967,45.82
4/27/2009,1.945,49.29
5/4/2009,1.955,54.45
5/11/2009,2.133,57.79
5/18/2009,2.206,58.99
5/25/2009,2.315,63
6/1/2009,2.383,68.59
6/8/2009,2.467,68.05
6/15/2009,2.518,70.54
6/22/2009,2.543,67.09
6/29/2009,2.5,71.47
7/6/2009,2.438,64.06
7/13/2009,2.36,59.69
7/20/2009,2.302,63.93
7/27/2009,2.366,68.34
8/3/2009,2.432,71.59
8/10/2009,2.528,70.59
8/17/2009,2.524,66.72
8/24/2009,2.5,73.68
8/31/2009,2.463,69.97
9/7/2009,2.404,69
9/14/2009,2.38,68.86
9/21/2009,2.353,69.74
9/28/2009,2.301,66.69
10/5/2009,2.288,70.26
10/12/2009,2.315,73.24
10/19/2009,2.428,79.47
10/26/2009,2.538,78.61
11/2/2009,2.553,78.08
11/9/2009,2.513,79.44
11/16/2009,2.482,78.91
11/23/2009,2.495,76.49
11/30/2009,2.479,77.19
12/7/2009,2.498,73.89
12/14/2009,2.46,69.48
12/21/2009,2.433,72.71
12/28/2009,2.458,78.67
1/4/2010,2.509,81.52
1/11/2010,2.597,82.54
1/18/2010,2.599,79
1/25/2010,2.564,74.9
2/1/2010,2.518,74.41
2/8/2010,2.492,71.87
2/15/2010,2.458,76
2/22/2010,2.506,80.04
3/1/2010,2.569,78.71
3/8/2010,2.613,81.85
3/15/2010,2.667,79.79
3/22/2010,2.677,81.26
3/29/2010,2.664,81.92
4/5/2010,2.715,86.36
4/12/2010,2.754,84.07
4/19/2010,2.742,81.52
4/26/2010,2.725,84.2
5/3/2010,2.782,86.19
5/10/2010,2.8,76.89
5/17/2010,2.771,70.08
5/24/2010,2.703,68.23
5/31/2010,2.651,69.5
6/7/2010,2.613,71.55
6/14/2010,2.581,74.99
6/21/2010,2.599,77.84
6/28/2010,2.617,78.26
7/5/2010,2.586,76
7/12/2010,2.567,74.93
7/19/2010,2.552,76.53
7/26/2010,2.583,78.93
8/2/2010,2.571,81.25
8/9/2010,2.636,81.46
8/16/2010,2.609,75.17
8/23/2010,2.563,72.71
8/30/2010,2.521,74.69
9/6/2010,2.507,76
9/13/2010,2.526,77.17
9/20/2010,2.567,74.81
9/27/2010,2.546,76.51
10/4/2010,2.577,81.43
10/11/2010,2.663,82.18
10/18/2010,2.67,83.06
10/25/2010,2.66,82
11/1/2010,2.634,82.94
11/8/2010,2.673,87.07
11/15/2010,2.716,84.88
11/22/2010,2.679,81.24
11/29/2010,2.652,85.73
12/6/2010,2.789,89.33
12/13/2010,2.815,88.62
12/20/2010,2.832,88.68
12/27/2010,2.889,90.99
1/3/2011,2.921,91.59
1/10/2011,2.929,89.24
1/17/2011,2.961,88
1/24/2011,2.956,86.74
1/31/2011,2.933,90.99
2/7/2011,2.967,86.3
2/14/2011,2.989,83.66
2/21/2011,3.01,90
2/28/2011,3.234,97.1
3/7/2011,3.404,105.37
3/14/2011,3.433,101.2
3/21/2011,3.417,102.36
3/28/2011,3.468,103.54
4/4/2011,3.567,108.14
4/11/2011,3.688,109.5
4/18/2011,3.751,106.7
4/25/2011,3.755,111.68
5/2/2011,3.85,113.03
5/9/2011,3.844,100.32
5/16/2011,3.85,96.91
5/23/2011,3.727,97.06
5/30/2011,3.642,98
6/6/2011,3.589,99.07
6/13/2011,3.579,97.2
6/20/2011,3.534,93.23
6/27/2011,3.466,90.65
7/4/2011,3.421,92.3
7/11/2011,3.516,95.16
7/18/2011,3.594,95.94
7/25/2011,3.625,98.97
8/1/2011,3.626,94.98
8/8/2011,3.582,81.27
8/15/2011,3.495,87.88
8/22/2011,3.465,84.42
8/29/2011,3.474,87.27
9/5/2011,3.49,87.75
9/12/2011,3.468,88.19
9/19/2011,3.408,85.7
9/26/2011,3.296,79.97
10/3/2011,3.228,77.34
10/10/2011,3.215,85.14
10/17/2011,3.295,86.38
10/24/2011,3.314,91.12
10/31/2011,3.274,93.19
11/7/2011,3.238,95.52
11/14/2011,3.249,98.14
11/21/2011,3.178,96.73
11/28/2011,3.111,98.21
12/5/2011,3.097,100.94
12/12/2011,3.098,97.77
12/19/2011,3.053,93.86
12/26/2011,3.07,95
1/2/2012,3.1,98
1/9/2012,3.202,101.31
1/16/2012,3.208,100
1/23/2012,3.232,99.47
1/30/2012,3.3,98.75
2/6/2012,3.351,96.89
2/13/2012,3.453,100.39
2/20/2012,3.497,104
2/27/2012,3.572,108.49
3/5/2012,3.61,106.7
3/12/2012,3.676,106.34
3/19/2012,3.726,108.09
3/26/2012,3.785,107.07
4/2/2012,3.831,105.25
4/9/2012,3.829,102.45
4/16/2012,3.817,102.92
4/23/2012,3.754,102.68
4/30/2012,3.69,104.89
5/7/2012,3.628,97.86
5/14/2012,3.568,94.75
5/21/2012,3.5,92.57
5/28/2012,3.44,87
6/4/2012,3.391,83.95
6/11/2012,3.333,82.58
6/18/2012,3.285,83.26
6/25/2012,3.226,78.76
7/2/2012,3.166,83.72
7/9/2012,3.195,85.93
7/16/2012,3.252,88.41
7/23/2012,3.346,87.77
7/30/2012,3.355,89.8
8/6/2012,3.434,92.3
8/13/2012,3.512,92.76
8/20/2012,3.56,96.03
8/27/2012,3.579,95.54
9/3/2012,3.67,96
9/10/2012,3.657,96.52
9/17/2012,3.66,96.51
9/24/2012,3.603,91.68
10/1/2012,3.554,92.44
10/8/2012,3.538,89.43
10/15/2012,3.53,91.84
10/22/2012,3.443,88.3
10/29/2012,3.323,85.52
11/5/2012,3.252,85.64
11/12/2012,3.19,85.56
11/19/2012,3.147,89.05
11/26/2012,3.144,87.28
12/3/2012,3.134,88.69
12/10/2012,3.102,85.14
12/17/2012,3.034,86.71
12/24/2012,3.04,88.29
12/31/2012,3.094,91.83
1/7/2013,3.179,93.2
1/14/2013,3.175,94.27
1/21/2013,3.164,95
1/28/2013,3.181,95.95
2/4/2013,3.354,96.21
2/11/2013,3.412,97.01
2/18/2013,3.533,95
2/25/2013,3.647,92.74
3/4/2013,3.594,90.13
3/11/2013,3.558,92.07
3/18/2013,3.545,93.71
3/25/2013,3.54,94.55
4/1/2013,3.517,97.1
4/8/2013,3.463,93.36
4/15/2013,3.382,88.75
4/22/2013,3.348,88.81
4/29/2013,3.316,94.09
5/6/2013,3.324,95.8
5/13/2013,3.386,94.76
5/20/2013,3.428,96.29
5/27/2013,3.397,94.5
6/3/2013,3.37,93.41
6/10/2013,3.358,95.82
6/17/2013,3.408,97.86
6/24/2013,3.425,95.07
7/1/2013,3.353,97.94
7/8/2013,3.331,103.03
7/15/2013,3.483,106.2
7/22/2013,3.55,106.61
7/29/2013,3.524,104.61
8/5/2013,3.486,106.61
8/12/2013,3.431,106.19
8/19/2013,3.409,107.14
8/26/2013,3.422,105.88
9/2/2013,3.428,106
9/9/2013,3.391,109.62
9/16/2013,3.311,106.54
9/23/2013,3.239,103.62
9/30/2013,3.18,102.36
10/7/2013,3.128,103.07
10/14/2013,3.097,102.46
10/21/2013,3.132,99.28
10/28/2013,3.064,98.74
11/4/2013,3.018,94.58
11/11/2013,2.959,95.13
11/18/2013,2.989,93.03
11/25/2013,3.146,93.86
12/2/2013,3.125,93.61
12/9/2013,3.108,97.1
12/16/2013,3.048,97.18
12/23/2013,3.074,98.62
12/30/2013,3.134,98.9
1/6/2014,3.136,93.12
1/13/2014,3.12,91.45
1/20/2014,3.106,93
1/27/2014,3.093,95.82
2/3/2014,3.079,96.44
2/10/2014,3.087,100.12
2/17/2014,3.195,102
2/24/2014,3.199,103.17
3/3/2014,3.236,105.34
3/10/2014,3.271,101.39
3/17/2014,3.294,98.43
3/24/2014,3.344,100.05
3/31/2014,3.367,101.57
4/7/2014,3.397,100.43
4/14/2014,3.483,104.05
4/21/2014,3.502,104.35
4/28/2014,3.497,101.13
5/5/2014,3.463,99.74
5/12/2014,3.434,100.89
5/19/2014,3.453,102.95
5/26/2014,3.454,103
6/2/2014,3.464,103.07
6/9/2014,3.445,105.09
6/16/2014,3.456,107.52
6/23/2014,3.521,106.83
6/30/2014,3.507,106.07
7/7/2014,3.486,104.19
7/14/2014,3.473,101.73
7/21/2014,3.422,105.34
7/28/2014,3.375,105.68
8/4/2014,3.33,98.26
8/11/2014,3.285,98.09
8/18/2014,3.286,96.44
8/25/2014,3.259,95.39
9/1/2014,3.233,93.5
9/8/2014,3.248,92.64
9/15/2014,3.199,92.86
9/22/2014,3.148,91.46
9/29/2014,3.194,94.53
10/6/2014,3.125,90.33
10/13/2014,3.014,85.73
10/20/2014,2.915,82.76
10/27/2014,2.834,81.26
11/3/2014,2.766,78.77
11/10/2014,2.716,77.43
11/17/2014,2.688,75.64
11/24/2014,2.606,75.74
12/1/2014,2.537,68.98
12/8/2014,2.444,63.13
12/15/2014,2.32,55.96
12/22/2014,2.163,55.25
12/29/2014,2.054,53.46
1/5/2015,1.975,50.05
1/12/2015,1.898,46.06
1/19/2015,1.832,45
1/26/2015,1.849,44.8
2/2/2015,1.856,49.25
2/9/2015,1.98,52.99
2/16/2015,2.073,51
2/23/2015,2.112,49.56
3/2/2015,2.231,49.59
3/9/2015,2.237,49.95
3/16/2015,2.227,43.93
3/23/2015,2.208,47.4
3/30/2015,2.202,48.66
4/6/2015,2.202,52.08
4/13/2015,2.202,51.95
4/20/2015,2.258,56.37
4/27/2015,2.306,55.56
5/4/2015,2.387,58.92
5/11/2015,2.443,59.23
5/18/2015,2.47,59.44
5/25/2015,2.487,60
6/1/2015,2.481,60.24
6/8/2015,2.547,58.15
6/15/2015,2.623,59.53
6/22/2015,2.589,60.01
6/29/2015,2.555,58.34
7/6/2015,2.535,52.48
7/13/2015,2.55,52.19
7/20/2015,2.521,50.11
7/27/2015,2.468,47.17
8/3/2015,2.426,45.25
8/10/2015,2.364,44.94
8/17/2015,2.363,41.93
8/24/2015,2.304,38.22
8/31/2015,2.213,49.2
9/7/2015,2.139,47
9/14/2015,2.085,44.07
9/21/2015,2.028,46.67
9/28/2015,2.011,44.4
10/5/2015,2.033,46.28
10/12/2015,2.044,47.09
10/19/2015,2.001,45.91
10/26/2015,1.945,43.19
11/2/2015,1.911,46.12
11/9/2015,1.972,43.87
11/16/2015,1.919,41.68
11/23/2015,1.855,39.27
11/30/2015,1.812,40.43
12/7/2015,1.818,37.64
12/14/2015,1.786,36.31
12/21/2015,1.789,34.55
12/28/2015,1.764,36.36
1/4/2016,1.749,36.81
1/11/2016,1.726,31.42
1/18/2016,1.671,31
1/25/2016,1.629,30.31
2/1/2016,1.588,31.62
2/8/2016,1.564,29.71
2/15/2016,1.527,30
2/22/2016,1.519,31.37
2/29/2016,1.548,32.74
3/7/2016,1.604,37.9
3/14/2016,1.741,37.2
3/21/2016,1.812,39.91
3/28/2016,1.87,37.99
4/4/2016,1.885,34.3
4/11/2016,1.845,40.46
4/18/2016,1.915,39.74
4/25/2016,1.915,41.67
5/2/2016,1.984,44.75
5/9/2016,1.986,43.45
5/16/2016,1.982,47.72
5/23/2016,2.072,48.12
5/30/2016,2.091,49
6/6/2016,2.148,49.71
6/13/2016,2.146,48.89
6/20/2016,2.108,49.4
6/27/2016,2.117,45.8
7/4/2016,2.093,45
7/11/2016,2.058,44.73
7/18/2016,2.021,45.23
7/25/2016,1.999,42.4
8/1/2016,1.959,40.05
8/8/2016,1.944,43.06
8/15/2016,1.953,45.72
8/22/2016,1.978,46.8
8/29/2016,2.013,46.97
9/5/2016,2.016,46.5
9/12/2016,1.972,46.28
9/19/2016,1.944,43.34
9/26/2016,1.931,45.6
10/3/2016,1.981,48.8
10/10/2016,2.01,49.76
10/17/2016,2.015,49.97
10/24/2016,2.05,50.18
10/31/2016,2.043,46.83
11/7/2016,2.006,44.88
11/14/2016,1.969,43.29
11/21/2016,1.907,47.48
11/28/2016,1.895,45.66
12/5/2016,1.964,51.72
12/12/2016,1.988,52.74
12/19/2016,2.049,52.13
12/26/2016,2.069,52.05
1/2/2017,2.147,52
1/9/2017,2.174,51.95
1/16/2017,2.144,52
1/23/2017,2.116,52.77
1/30/2017,2.08,52.63
2/6/2017,2.058,53.01
2/13/2017,2.083,52.96
2/20/2017,2.066,53.5
2/27/2017,2.064,54.04
3/6/2017,2.096,53.19
3/13/2017,2.079,47.95
3/20/2017,2.065,47.79
3/27/2017,2.088,47.02
4/3/2017,2.127,50.25
4/10/2017,2.201,53.06
4/17/2017,2.264,52.62
4/24/2017,2.241,48.9
5/1/2017,2.206,48.83
5/8/2017,2.176,46.46
5/15/2017,2.142,48.86
5/22/2017,2.169,50.81
5/29/2017,2.175,48.6
6/5/2017,2.2,47.4
6/12/2017,2.17,46.1
6/19/2017,2.11,44.24
6/26/2017,2.061,43.24
7/3/2017,2.011,44.2
7/10/2017,2.05,44.4
7/17/2017,2.035,46.02
7/24/2017,2.09,46.21
7/31/2017,2.092,50.21
8/7/2017,2.171,49.37
8/14/2017,2.155,47.59
8/21/2017,2.124,47.39
8/28/2017,2.165,46.4
9/4/2017,2.561,47.5
9/11/2017,2.531,48.06
9/18/2017,2.483,49.88
9/25/2017,2.441,51.85
10/2/2017,2.402,50.59
10/9/2017,2.33,49.58
10/16/2017,2.264,51.86
10/23/2017,2.219,51.91
10/30/2017,2.215,54.11
11/6/2017,2.245,57.34
11/13/2017,2.297,56.77
11/20/2017,2.261,56.21
11/27/2017,2.241,58.1
12/4/2017,2.239,57.48
12/11/2017,2.201,57.84
12/18/2017,2.144,57.17
12/25/2017,2.161,58
1/1/2018,2.239,59
1/8/2018,2.239,61.73
1/15/2018,2.271,62
1/22/2018,2.302,63.66
1/29/2018,2.333,65.71
2/5/2018,2.344,64.18
2/12/2018,2.312,59.41
2/19/2018,2.255,62
2/26/2018,2.235,63.81
3/5/2018,2.282,62.49
3/12/2018,2.285,61.35
3/19/2018,2.307,62.01
3/26/2018,2.379,65.49
4/2/2018,2.417,63.05
4/9/2018,2.404,63.4
4/16/2018,2.479,66.23
4/23/2018,2.529,67.61
4/30/2018,2.595,68.56
5/7/2018,2.591,70.74
5/14/2018,2.628,71.01
5/21/2018,2.694,72.26
5/28/2018,2.747,68
6/4/2018,2.76,64.76
6/11/2018,2.728,66.1
6/18/2018,2.683,65.91
6/25/2018,2.639,69.91
7/2/2018,2.628,73.89
7/9/2018,2.648,73.93
7/16/2018,2.61,68.22
7/23/2018,2.578,67.9
7/30/2018,2.605,71.19
8/6/2018,2.587,69.01
8/13/2018,2.579,67.25
8/20/2018,2.559,66.5
8/27/2018,2.57,69.97
9/3/2018,2.539,68
9/10/2018,2.579,67.55
9/17/2018,2.561,68.86
9/24/2018,2.552,73.23
10/1/2018,2.587,75.37
10/8/2018,2.606,74.27
10/15/2018,2.609,71.84
10/22/2018,2.562,69.25
10/29/2018,2.496,67
11/5/2018,2.43,63.12
11/12/2018,2.356,59.85
11/19/2018,2.277,57.16
11/26/2018,2.175,51.46
12/3/2018,2.088,52.98
12/10/2018,2.042,51.07
12/17/2018,2.006,49.8
12/24/2018,1.954,49
12/31/2018,1.901,48.75
1/7/2019,1.863,48.27
1/14/2019,1.899,50.31
1/21/2019,1.889,50.9
1/28/2019,1.955,51.79
2/4/2019,1.918,54.57
2/11/2019,1.952,52.43
2/18/2019,2.049,53.4
2/25/2019,2.107,55.32
3/4/2019,2.164,56.6
3/11/2019,2.205,56.79
3/18/2019,2.292,59.09
3/25/2019,2.379,58.71
4/1/2019,2.455,61.59
4/8/2019,2.453,64.37
4/15/2019,2.552,63.43
4/22/2019,2.542,65.66
4/29/2019,2.603,63.39
5/6/2019,2.573,62.3
5/13/2019,2.53,60.97
5/20/2019,2.545,63.12
5/27/2019,2.486,58
6/3/2019,2.437,53.25
6/10/2019,2.365,53.33
6/17/2019,2.359,51.94
6/24/2019,2.311,57.73
7/1/2019,2.376,58.91
7/8/2019,2.44,57.35
7/15/2019,2.474,59.3
7/22/2019,2.501,55.87
7/29/2019,2.454,56.85
8/5/2019,2.415,54.63
8/12/2019,2.343,54.98
8/19/2019,2.285,56.24
8/26/2019,2.289,53.54
9/2/2019,2.239,55
9/9/2019,2.261,57.88
9/16/2019,2.242,63.1
9/23/2019,2.364,58.69
9/30/2019,2.319,54.09
10/7/2019,2.267,52.76
10/14/2019,2.236,53.57
10/21/2019,2.27,53.28
10/28/2019,2.226,55.6
11/4/2019,2.208,56.33
11/11/2019,2.259,56.61
